avgspeed,distance,duration,maxspeed
17.07348492,7753.920641,1635,186.3907551
23.52246869,6618.531906,1005,74.72829295
28.35585047,4434.752456,555,66.09449738
24.43975946,6211.786501,900,54.76366544
22.75289412,9586.572729,1500,76.1779501
34.27534729,11579.0957,1200,96.92800332
26.6278761,10225.25339,1380,82.4109426
28.31088083,10534.88296,1335,84.27589626
37.8696776,7060.577996,660,120.933428
22.70939878,5110.691946,795,187.7651398
29.79203773,5461.459436,660,113.3226932
49.42199586,12116.22006,870,138.8245244
16.1082172,7459.256965,1650,60.03807425
50.53099077,17892.22946,1260,123.3451161
40.04829729,17687.45519,1575,98.77549662
12.21081464,1476.664475,420,35.92776482
34.66695285,1290.764317,120,189.9715041
12.69809887,1089.722425,300,29.11420889
11.8111388,2107.03601,630,41.48595283
13.30235839,2661.328759,705,47.29923112
18.5342898,2855.585842,540,112.0908797
28.10591752,1703.869629,210,241.0051693
15.10435143,3019.745264,705,45.61280289
14.03907387,2444.142986,615,69.67718772
7.35822838,519.4654555,240,26.55530616
17.06142456,2250.693885,465,64.04483606
15.30592639,2997.494915,720,46.94194249
12.3548595,1311.884507,375,27.90024841
20.70109492,2559.122303,450,157.3604155
19.17481173,2037.842554,375,48.49165823
12.5308559,1669.005192,465,40.71467195
17.36356987,6077.615846,1245,72.2153377
15.09304612,1273.935684,300,37.77629967
16.59063698,2061.970342,435,48.80715267
17.31296108,5667.901676,1170,59.32383008
21.43598129,6164.60307,1020,73.97926541
29.30422184,9238.654261,1140,157.712351
27.63984183,9802.963648,1260,93.67610872
42.57644581,13321.68004,1110,104.1085807
47.42968877,3748.045737,270,215.9546215
11.83086669,4132.364126,1245,43.87698156
34.99773237,3294.980188,345,54.71582465
11.17652078,2357.371944,780,43.52494142
18.28633304,4957.422406,960,191.0050395
34.90749372,10303.93149,1050,109.5774287
11.16321268,2838.436095,900,190.403119
19.91893918,6369.137434,1140,54.8864229
21.75624159,2963.579162,495,198.7043662
14.49208859,15110.07039,3765,224.0814907
22.93300696,10330.37408,1605,91.91465977
12.60225008,7268.170251,2070,152.5451607
25.82544685,8825.349166,1215,76.99122602
16.61151061,9867.041172,2160,82.00189746
16.88185505,4321.528375,915,187.219671
12.44318753,3736.494534,1065,201.8408803
12.68623744,3058.839086,855,39.18346172
28.51198435,2138.287892,255,169.7957155
17.08992512,2803.752336,600,48.31941588
36.3191369,9689.22267,945,179.1649132
17.63821252,3087.602129,615,58.98762125
40.21365188,13395.86526,1185,91.04106566
27.71367659,7383.497178,945,71.96425936
48.14802517,11979.54883,885,103.6733553
50.19893034,13317.59366,945,98.40736201
53.7222467,11196.8178,735,154.5567187
21.81130411,3317.685966,540,183.6730843
18.31581618,3431.917792,660,183.1548681
25.98781199,2423.978851,330,42.08073106
10.48645019,2395.536034,810,51.74744564
13.47011078,3864.787916,1020,48.51133254
32.71432942,12936.84022,1425,192.6188509
43.17697584,9161.015778,750,100.3145831
29.23999483,6346.432676,780,145.7914236
15.84839618,3166.000983,705,59.15485265
25.50147777,7436.404645,1035,77.47606316
22.69824102,5965.777025,930,56.45224336
28.14963192,10082.08781,1275,92.88667798
34.08070581,8954.336008,930,82.25196231
22.08802016,10398.99488,1680,80.35291655
44.12743863,18125.7695,1470,83.13993884
22.85945684,9824.912918,1530,72.18831295
17.3730178,5215.655195,1065,159.9650351
12.82458441,3953.262811,1095,58.73871803
32.54774385,5157.833318,555,64.46059809
95.84017233,1188.739225,30,282.1680553
29.3707355,2070.125261,240,165.8739611
22.41686819,3259.501433,510,45.72666746
21.80206739,1712.940539,285,154.9364858
30.5492188,14510.89484,1695,183.9832984
37.06932051,16130.67229,1560,101.0890057
26.43199343,9684.269054,1305,84.71522252
18.44145791,8061.91571,1575,75.81129711
23.93220105,12633.93795,1890,91.02275767
32.52947507,13007.99902,1425,230.0712269
27.09506289,10814.34686,1380,154.8422966
15.81842709,6073.977208,1020,62.7789869
26.38804647,7585.331449,1170,64.68339761
22.93899347,7556.944681,1695,198.1897917
13.55607549,6446.33113,1380,57.73194687
16.12684541,6235.751497,1260,180.9666163
30.21574958,10701.57998,1500,206.3202272
16.08774685,6775.681005,1170,56.42403381
28.01468252,9202.24158,735,94.09247602
20.29827319,4232.41047,1980,47.04491653
15.9621036,8854.545626,1905,72.739775
14.69637882,7847.55437,720,64.65554985
27.33021773,5588.046479,900,58.83647033
38.48913844,9793.278102,1740,77.53335317
24.28987924,11824.6773,1275,85.2411017
21.45438009,7574.332275,1440,185.9611583
16.48313555,6673.296681,615,178.7651561
61.55386438,10642.93524,1815,395.3635105
14.6128026,7424.956946,360,59.88364292
16.2414953,1679.276224,465,48.04289388
21.18778901,2825.34043,270,155.2595313
19.32224961,1517.750396,75,48.04289341
54.81748161,1368.945965,120,263.3172556
53.61944934,1207.856168,210,193.4133686
20.08582792,1161.63157,2130,39.71325196
7.894224113,4705.638906,300,39.64777122
10.5459885,908.7128963,315,24.03909494
13.01778816,1183.918358,120,54.73114622
66.38571789,1690.962957,735,191.2679966
14.44081475,3010.620344,330,198.2288351
17.74162676,1698.426192,195,207.6142383
25.48965882,1476.464717,255,226.5275919
22.16588593,1663.833857,1215,180.4346871
10.97515682,3737.833694,525,40.15903775
22.41322239,3364.075981,510,181.3514013
28.73451005,4174.158748,750,74.72320104
17.13964835,3628.974361,1155,50.58962564
16.81111499,5459.762133,495,64.83150395
27.41208681,3821.073064,915,85.06034541
17.31650006,4474.08938,975,96.82606495
19.52168872,5271.918501,1335,108.2980153
17.26559023,6463.184469,945,169.3851006
9.043366212,2414.816438,480,35.97734144
12.60017311,1733.106806,855,31.89003298
11.74285715,2829.581787,75,42.59874103
43.36343721,1063.323799,1005,231.6545553
14.84755744,4201.845282,1050,72.05873753
14.5400798,4249.935114,720,82.72895924
12.51598656,2555.140236,960,40.15904089
65.99074461,17873.84695,1770,175.9939659
46.58683098,22703.6499,1215,130.620837
50.08820941,16987.43857,975,115.3475799
66.31723493,18110.14731,1320,248.7734217
44.91985366,16662.92899,735,190.7719699
79.87844384,16511.54791,1425,135.6787676
46.08545679,18444.3203,1215,175.0375816
52.34898271,17871.29166,1110,132.5201277
58.75501844,18231.22423,1215,248.6426437
49.54611476,16822.8559,1545,111.9486198
42.63076339,18312.84363,315,114.161296
123.9492691,11291.68019,1545,2275.352908
38.19046928,16550.90405,480,117.0365026
18.28923502,2408.9765,1935,91.40555003
40.53261346,21967.18725,1170,109.6570418
62.40276721,20410.70887,1365,140.1146409
46.96926897,18000.60388,1170,131.1904514
44.82632641,14753.13198,345,221.5932647
12.98014668,1297.563328,660,35.08404081
18.40072427,3440.028978,225,73.45342273
18.30437468,1208.68252,720,52.34728985
18.19280004,3707.024468,525,46.36281725
18.38213912,2756.416678,765,89.9311957
14.85955541,3222.282892,615,71.29544309
16.67590845,2865.858405,480,43.7617747
18.40613339,2455.466778,270,40.53498407
21.7668825,1665.712834,105,43.162897
39.63936394,1285.022449,390,166.2756639
12.2341711,1316.178036,360,37.77045865
12.46221206,1267.380389,420,37.9106613
23.54817799,2778.912552,570,181.2377205
16.64492221,2704.781384,525,48.13062601
15.99103233,2360.23393,420,43.11477543
7.880413152,1182.172868,885,40.6090199
16.22364104,1948.959336,765,45.36793875
12.67317195,3148.33827,1140,38.58622994
16.82895198,3581.636558,1095,89.84077139
13.08091572,4087.531612,1590,64.75992761
20.43660212,6186.160054,1155,54.85366656
16.80156852,7493.917721,1170,57.15016381
23.10988431,7517.655453,3585,70.32607182
15.10032786,4965.988218,570,50.43322457
10.85043804,10806.10828,1800,159.9027371
16.65551792,2618.120997,1530,47.2861675
14.42325039,7271.980947,960,49.18160737
13.87624918,5955.727428,1425,154.3622793
24.99003056,6771.141512,705,73.88334254
15.2580148,6010.732639,870,64.86319407
28.92780892,5718.756177,3360,59.40319524
33.80150384,8313.00123,510,120.4820175
18.98013759,17811.42693,675,165.1849508
20.70266981,2970.805497,405,212.4770535
15.69447541,3007.167148,1185,40.34399137
8.701710501,1002.884752,840,35.43900023
15.57363216,5197.458188,360,188.7022669
30.29793521,7184.141898,135,71.28686275
35.66282942,2901.328376,555,196.5852292
29.79801674,1243.838442,540,190.7719699
14.7705235,2320.000993,465,40.60895503
17.70775281,2727.815585,1500,43.3971417
35.78814911,4758.75318,1455,128.4990626
29.97840424,12603.28999,1635,120.9142685
40.58168503,16574.69031,600,1021.085489
26.60799773,12197.68936,690,69.62953359
25.43170631,4344.765774,435,164.582337
20.59685616,4036.426299,615,53.63986749
20.10884171,2515.444451,675,52.33833801
23.04085779,4022.011493,615,143.7731516
21.2168669,4066.210351,450,90.84604723
23.54895139,4106.31461,495,57.58978643
24.70260837,3189.053886,795,64.77032327
22.18473603,3138.992421,1170,69.414664
28.72979146,6464.266331,1980,106.6557592
50.44258149,16475.31354,825,190.1763482
45.80303132,25396.52404,2550,141.5257598
70.43368442,16295.03658,1575,211.5569321
25.93205263,18466.34264,1290,195.7838659
34.66527736,15302.29546,1770,152.8457517
23.19339575,8404.365384,255,82.68004311
31.80348533,15790.13825,360,118.9774728
22.3682191,1651.864592,315,44.42363379
17.83379784,1853.46141,540,44.93358366
13.70523625,1257.23462,360,41.14264122
22.86955094,3524.069607,630,118.7344974
31.85633539,3303.883398,885,66.73626347
15.59581931,2794.086142,1215,62.50387988
19.66037311,4909.75934,615,57.07122607
30.61247321,10392.80428,360,195.2008132
39.49034702,6921.319606,3000,188.9678431
40.91607734,4268.806254,1095,200.2345903
46.58940715,39050.18371,585,1646.716229
45.3228292,13869.807,960,93.94263945
51.53507951,8596.445609,450,89.22694608
14.59167713,3939.719595,360,153.1633362
24.27415463,3124.063788,225,62.71231168
18.96724204,1977.975805,480,56.75868402
24.1507639,1511.796337,675,53.97607809
17.28875627,2376.031495,1125,49.99723027
26.9367917,5083.939494,405,66.95435979
42.69770929,13503.1326,1500,89.60148773
26.56507581,3096.584159,2445,91.80083123
50.26260249,20997.33694,885,215.3177419
48.96440036,33482.31245,5355,194.2060808
61.20076086,15214.67762,1380,102.7328496
26.8161603,39997.26442,1275,101.4146609
55.57911941,21537.59114,1155,120.8005979
49.10055934,17599.59219,1680,94.99478561
55.00136104,17880.72739,1590,101.622826
39.43276196,18438.23822,1245,115.1034436
40.7135792,18149.05451,960,115.2867689
58.51908872,20403.82978,390,100.751004
49.77970145,13392.87861,150,77.40826881
18.17975517,2043.811734,345,45.374612
36.63615667,1486.088478,285,48.10713816
12.03052814,1092.985059,390,37.72500848
16.54957786,1367.87378,555,50.93364542
15.33783381,1689.284729,480,172.4295907
11.69658708,1851.462619,315,35.59935792
17.11454802,2351.163416,150,37.04311809
16.56161645,1517.345271,540,45.86610658
28.6462485,1251.619405,600,149.5341677
27.5999124,4253.861106,615,67.3688136
23.12697587,3955.576563,780,158.5534382
33.49994443,5657.106938,1725,64.33144463
15.99793845,3535.806921,2295,68.16340759
17.26748315,8300.517243,1215,91.79229622
18.32545567,11766.25224,405,174.4274494
29.22127084,9936.058028,480,67.17878023
27.98705437,3264.771071,240,86.72920076
17.86330586,2457.877862,510,52.34425043
15.40093831,1090.663338,360,37.36084707
25.54421234,3729.498252,2145,51.16302632
43.39687233,4325.610384,1005,69.46001749
23.59585088,14166.78939,1950,148.4532056
39.1305348,11092.61654,1005,93.30764813
25.53821671,13927.36365,2145,89.7703522
30.78486016,8734.921024,1140,95.8658795
22.41424547,13349.69319,915,66.50826932
19.955782,6309.075764,615,50.7164489
36.4520042,9339.190889,285,105.2139934
11.23032271,1966.889101,930,32.35519787
21.54818341,1763.505122,840,162.1706269
16.19128353,4244.653019,510,47.61911611
21.84142063,5159.114697,375,190.5709287
30.358412,4392.006185,570,205.1307882
18.96307978,2656.008379,345,47.74176024
19.77532196,2074.66797,480,50.71479813
13.58711929,2207.512905,375,42.71583367
13.45120638,1288.934426,435,32.74452658
12.78529353,1757.366739,255,35.12239385
25.40642911,2623.06849,540,146.9150653
14.96347598,1838.755861,705,34.66658772
18.83361282,1404.314738,795,184.3574155
29.59107859,4531.51291,180,72.78093571
18.29148534,3559.161893,915,45.54515498
20.34342109,4580.55156,315,201.397593
29.53469624,1541.963105,1290,149.8404084
17.81001027,4592.983482,705,51.93860604
29.13131847,2669.785533,510,185.1591368
12.35449505,4474.15355,390,54.3250321
15.42584993,3089.858763,1410,42.88892544
25.2213149,3522.021378,465,76.96376046
27.08178715,3039.346264,255,62.99332962
14.84583232,5778.281291,585,48.11848792
20.20071233,2691.620402,435,52.79389482
25.50863663,1910.789398,885,70.34601772
14.40755844,2404.052306,585,56.10304405
14.45330853,1805.107288,450,40.12886666
13.91170529,3482.248754,840,74.72395174
8.97524804,1467.134317,510,37.20587002
13.96115612,1735.336024,315,40.67598268
14.46870936,3341.340531,390,45.38929126
15.16544151,2211.668321,195,49.84256746
23.670165,2079.135831,405,123.7168602
18.29651333,1678.590693,390,179.56549
11.54549365,1290.16964,555,150.0915021
14.88311863,857.1632503,585,33.71984096
14.9126116,869.7648616,240,40.42364783
22.01800809,2556.261121,330,69.95686799
24.87878232,2801.650646,930,161.4470419
20.38910218,2281.294477,675,69.51375917
21.37010508,3385.867703,885,74.55534297
20.04431902,3301.567536,780,111.7435489
17.11936588,1191.426925,990,34.30581457
16.71011341,1591.277799,615,47.41666465
20.00635289,5251.266884,1365,68.30949382
44.38392923,8408.828517,870,79.75923437
27.12137522,6783.89664,885,74.46136383
43.6145827,9632.265835,1065,92.17445747
39.28806806,10978.2843,360,91.20499669
31.46018732,5509.738221,615,72.28559199
37.51234825,14390.39868,660,107.4780178
56.03767126,13790.50886,930,96.13551324
23.17543003,5802.447061,735,55.48317045
26.82149459,8045.522703,390,72.8079652
29.4103746,3068.951415,855,60.23869707
19.97283117,3487.013209,330,42.85174637
24.85831309,4665.303168,735,69.71948793
24.48916045,6426.175377,810,75.11750614
39.86981685,8311.432041,720,87.31548266
47.74434294,5238.282796,495,210.2675679
20.79541717,5028.098694,1890,46.64327835
29.98147243,2697.060997,825,66.72779428
35.88940773,7477.644143,795,175.1865318
38.90079714,8882.395885,270,75.29192223
34.69532156,7085.993253,330,88.76625374
14.30198496,2029.939429,270,185.9895051
24.64091704,12948.90982,420,88.68839266
41.91314013,9713.161906,390,76.07173881
35.81128691,7936.042544,960,78.62395181
14.86334295,1165.768497,300,37.43601472
26.61375988,2550.322288,450,88.23328297
28.56094976,2145.398795,885,66.39049362
23.12242961,2687.927152,825,53.47025467
17.73588795,1992.791671,720,40.03821045
19.35897069,5243.868578,240,65.93535542
13.13334967,1150.173304,870,30.80983953
11.79557095,1394.548302,375,38.22082073
37.97481452,9404.564966,1380,88.17726451
30.47433892,7621.777781,735,60.64455134
43.74263044,10077.25716,975,195.0910685
34.74857255,7079.659533,1515,67.0662076
19.47614412,1346.788953,750,30.60611382
23.27366369,5710.239929,1455,58.5063748
20.6357081,2189.118032,1185,63.9314081
17.37419841,6741.919534,1320,57.06388756
27.6048744,5718.437678,930,193.8140796
18.82326259,5169.515619,600,62.01311006
15.01000076,6227.52856,570,44.64191541
18.8709009,4005.124674,390,64.09709339
13.4316666,5408.072576,600,56.10853337
19.11212589,6378.776596,540,147.3025844
18.87691036,7007.056618,1110,61.12892779
21.91885056,5758.799072,630,42.17052438
19.66586548,3352.123859,585,47.90749729
23.26575811,3786.05479,240,63.75106322
29.52304343,3276.509666,840,59.09539035
22.35848209,3823.963933,315,62.34580569
9.497743542,1461.577031,570,32.32782103
12.63386541,3926.017513,150,35.56893299
20.83325869,3731.826491,945,59.70521913
17.32143823,2853.055976,1290,152.9498669
27.32580969,1914.107653,975,186.1615963
11.03625963,2587.81654,1095,35.57355086
19.06369123,1747.835797,1185,177.1634962
9.250202356,1497.652319,1125,32.20579785
35.66664233,1430.037638,2835,93.9355384
58.20551197,15512.99319,1455,100.9245679
46.16295822,16729.13111,1200,101.2999088
58.00848033,15833.42534,1035,177.5643021
50.97891728,15711.97994,720,90.98300707
49.41523194,16445.52768,3285,192.0082535
47.2433959,14959.22604,1395,84.39531754
49.85044827,39185.34375,1110,280.413144
50.18013807,20498.70881,1230,86.62820133
51.21921683,17290.33069,2220,85.42617867
58.80003424,17156.31655,975,123.5261624
86.64319621,17685.10964,1230,232.5827311
34.11890988,31280.32204,1335,112.0908692
48.85250534,19147.18514,1065,104.0814662
58.2988186,18219.45787,420,141.1394907
50.50012102,17471.27885,1020,103.3879458
30.42243104,18881.83182,780,378.8765914
62.93283912,17281.30297,555,111.9863996
50.81464639,17490.15879,630,93.42976914
48.4967701,18189.45401,480,101.2364293
58.28333323,17470.2799,795,123.0350914
34.4946902,4128.290424,255,60.61975829
40.99814363,11797.91809,450,176.0568782
26.72522824,5770.301004,210,108.695158
19.50838144,3090.300264,300,51.08605173
35.46251023,6334.201992,240,196.4965797
27.11504993,3735.196443,255,65.15776438
51.25967632,11498.10141,180,91.74778158
28.91966385,2169.596134,7035,201.8221018
17.18546649,2218.047301,1215,53.12457734
17.38798769,1086.674459,390,36.16918376
21.21549765,1846.766069,1035,43.23105679
20.67248514,1364.719508,285,40.9698229
23.15647282,1721.828345,615,52.89670435
34.70081749,1361.066172,540,124.4583829
26.51456794,51921.20094,795,99.51295008
72.77512384,24864.74589,255,101.4114862
19.10648041,2148.360268,345,60.53624109
24.41298244,7031.403685,1095,59.70516498
21.97021025,1734.586804,390,56.07820623
46.75892362,8188.380806,225,156.5612631
61.70222325,9413.142511,315,536.1866567
24.5326217,5474.187843,1920,77.45157286
23.99470789,1695.66069,360,56.05120193
20.2037845,2017.123225,570,45.94059517
19.08170868,5837.927545,540,53.94572607
14.34196273,1611.483625,675,41.96710716
21.06703287,1402.998816,630,49.72776005
18.58091285,1691.503643,570,42.71063491
44.66796663,23946.97749,555,130.1184127
22.39532276,2289.261406,525,59.26862619
22.19789462,3606.839629,465,78.33320968
35.7054893,5412.524047,1290,203.4462925
35.76682555,6867.463916,1065,189.7755799
29.68027868,5313.822521,915,80.94389342
30.57642581,4963.592351,930,201.3156001
37.30401442,5817.179443,270,79.8596772
42.630895,6402.394591,150,197.6265453
41.85992981,5550.823359,405,200.2348949
50.43908269,18225.3133,585,86.74813379
56.01173904,16787.06497,555,98.75202648
64.31445137,16607.46275,630,106.1520913
69.81349226,18330.94348,345,112.9576908
14.07558355,1064.035553,705,39.99283513
40.64561239,1769.184915,525,158.3524833
14.31696172,1668.98877,780,48.13084613
37.20815506,6201.451072,315,70.40635498
37.90297053,5922.691725,690,83.31056976
32.824985,5893.478819,870,77.16489694
23.99242732,2337.496401,690,48.55801894
17.14504365,3426.249641,1920,47.16597493
22.90820153,3439.36222,825,46.45401533
35.12786605,7693.538554,345,64.74102163
26.91707161,2419.39094,660,61.39138943
25.32751537,4960.140527,405,110.2440741
32.83268256,8070.70221,450,80.95513752
35.31042272,6816.362782,645,96.98668143
23.50987321,12475.04548,765,66.23169015
18.3142783,4274.601973,510,50.34537153
29.52358597,2938.722459,945,67.2463683
29.24717333,5376.194646,2580,113.6516622
42.18002368,4783.517751,120,116.5478655
37.17438436,4800.958733,165,128.2045209
38.62383112,4897.677066,735,129.1683275
32.36842117,5685.984063,225,109.4770437
22.31626136,4754.818637,270,62.5237563
33.08210298,4821.334613,915,125.3827513
18.7668545,5000.763368,615,52.3746626
34.91832939,25204.11872,495,70.40181513
48.8184337,1655.294583,585,181.3664051
65.97756273,3231.118811,240,255.5374063
17.11707423,3570.315364,945,49.70328509
13.70759766,880.6629968,975,43.34138001
28.45344488,2086.981442,810,59.97512042
13.03532577,3365.491885,420,57.0303488
15.16932003,2655.14162,435,40.71478171
15.05292769,2119.475025,360,63.3182009
21.34241302,3544.384733,675,58.71637593
18.79072047,1319.545073,1395,59.04043476
46.73175251,12454.48631,1260,150.6512888
36.67978818,10078.3316,285,70.96623586
29.62430312,6619.787379,255,61.60168068
35.52810485,4292.923663,705,73.96838527
32.06697113,3913.385288,465,123.7653125
24.86621942,2577.339751,825,56.10303384
31.4183051,6026.708219,630,70.32405613
26.14779296,10156.12141,465,78.32543099
49.55338467,17507.04802,195,93.75876944
22.2472746,1786.07036,165,57.62592042
19.1046505,1432.191168,405,46.00552008
33.70262205,6741.902298,360,75.89091659
30.06647824,3875.589069,420,56.61587623
20.49638801,4789.379708,1200,54.91866872
23.07878675,4135.848,600,73.7417971
32.8740955,4389.187437,420,166.4374533
36.930887,2003.840967,645,221.2669634
46.23620594,2102.352957,300,190.6040483
26.59476206,3101.298193,465,99.71916234
31.26491652,3188.932818,240,156.7112013
32.72156472,3898.943897,645,57.76289637
19.59647053,6600.786099,345,64.27911106
33.2121855,5666.886604,225,70.82237526
21.33684406,2581.754756,720,56.62263137
26.42950715,4844.942782,435,71.8756224
65.69598097,4024.373497,645,414.8518092
14.71260983,1927.547671,615,42.91651636
15.94784874,1040.649536,660,37.72969116
20.08793332,3682.765,480,58.77822455
29.19527254,2916.235389,1170,75.05313997
26.71253674,1547.391149,750,56.04543987
18.86163593,3852.877826,2025,53.37957283
17.82828675,2232.382108,1140,53.03326804
28.40025466,5204.851286,1365,64.74105526
27.61611602,4733.735109,1185,89.66261216
26.26405415,4856.302825,630,62.59035896
25.43948558,3496.912924,615,83.27203106
20.80887661,6851.716223,1170,57.24734109
24.87392066,5285.591716,510,64.77068257
35.00320264,19845.12176,2115,154.0195516
24.69525026,7927.590395,765,57.06449694
25.03360529,9602.607224,855,108.4097883
23.04111274,7670.28408,540,115.8591072
27.0040551,4835.463807,660,63.71138077
35.1479853,6152.976076,510,82.76426168
23.86394178,7852.036125,690,87.31541452
34.09488316,4975.380528,660,93.16600039
22.49740219,13031.70644,930,71.57302913
28.08413117,6087.746288,690,62.75346118
46.64607984,11227.26279,390,96.4107001
30.38511093,4683.317761,4920,55.74007765
29.07364455,5447.205339,675,85.13260419
31.27808955,4559.429196,1635,115.112108
33.04798271,6391.020704,540,127.8621065
23.00947572,4315.83768,795,56.24689628
18.08450962,4744.527432,870,43.81677728
29.65756786,5672.012554,2190,75.02270131
36.03420433,3913.756023,1080,123.7853109
18.37419615,25139.96122,1215,78.65707536
45.6081008,8596.97702,525,116.8273194
30.85008725,14118.90797,465,161.5654129
30.46958682,4702.906229,180,52.92012976
24.17400286,5432.838822,345,59.27483196
26.4102158,6500.998935,645,70.72691688
34.00431951,20666.44085,360,70.54227919
26.40517276,8024.318459,330,64.14856898
32.77429444,11196.69387,240,153.7120727
11.70521338,1753.158995,4005,35.56678724
18.93043629,2512.290998,990,44.15660979
36.88723697,1950.269867,135,167.5599111
24.03577406,2405.199332,480,51.4408523
21.53018947,3789.163104,375,56.58449583
37.55246236,3762.454538,525,86.33020615
22.41616199,2121.205417,390,106.7895933
14.2839114,1011.219182,780,37.28208377
37.36489437,41743.24235,600,148.8517924
16.19123309,4419.704664,1245,201.1138851
59.1514403,2348.458254,630,214.4301895
19.50822408,2666.537625,840,64.13881718
20.62927794,2236.67091,750,192.8784891
14.4736647,2067.660339,795,48.64617315
17.27474983,1850.119891,570,42.74606949
14.35071464,3143.985757,780,50.71917606
15.75060197,2676.603281,630,72.86677266
17.73129122,6210.424025,750,54.99707719
16.14527058,2897.050268,840,47.68431412
14.97176235,3548.353131,330,44.4286097
16.06593336,3414.182693,720,46.29283662
15.42868234,3473.372135,1020,51.38116178
15.48500633,2495.131216,720,40.38842899
11.68312575,2576.183582,765,39.28010769
21.37912138,3835.385893,1080,48.21509945
23.21036087,4937.801459,810,59.43054991
19.5938803,4659.646476,1215,185.3595699
35.66137348,3417.099735,510,235.1176242
16.20082247,3262.782468,840,155.1600378
18.11288687,5096.042609,645,80.3864578
31.54177836,6442.583625,750,89.35058997
23.06805745,4989.473769,1065,89.72395457
19.70774151,6001.609224,1035,71.14688009
28.34874048,6450.771834,1260,90.38352457
20.90884304,7150.689602,1140,61.61884888
45.71259029,6672.421207,300,266.5096169
29.62814565,7043.58622,465,68.59951378
38.36780601,6998.538233,180,86.21656408
27.67675043,5885.24493,435,84.31462276
28.53647444,8566.424153,450,88.90261022
26.19434487,7559.050444,600,92.75758917
27.07355592,9597.711788,660,67.40204732
24.73433833,7938.902648,1095,96.77372972
18.59704453,1618.607097,1080,171.0126437
14.30869092,1900.218362,930,189.6011442
22.95227808,1233.908938,825,153.7535643
10.30590205,1283.357852,1110,78.04110385
10.50469298,1344.358661,735,25.73555859
20.38828834,3328.258204,885,195.2921521
15.98006468,2975.2953,780,45.21466495
16.41982071,5058.977297,1440,196.5849308
9.913666672,3018.922916,735,47.09879646
20.69772104,5435.251096,510,45.91222581
12.76246855,2980.115873,825,48.29873632
17.81447175,5555.046924,1260,52.80540568
27.96987108,5821.541073,1215,59.42849604
21.02837416,5262.745018,855,51.33788993
12.42966206,2746.581884,945,44.57193187
10.8481052,4383.043913,780,62.05227769
15.25172042,3108.56116,1515,43.91786016
17.6944924,2572.788931,915,191.1728984
17.09979587,3979.447474,960,137.3748686
13.92015489,4929.427225,780,137.4900532
15.71655284,5357.812116,3255,66.60579532
22.51661938,5440.398057,1590,192.0079616
18.29710129,4875.586428,1245,40.09111085
21.85189816,4753.812723,525,48.36437174
9.875008039,4107.88371,660,36.59774827
14.90030802,3848.333664,615,84.0893076
14.02949324,3798.857279,135,80.76698185
19.90338793,4292.635207,510,92.75973921
13.5703958,12324.91671,390,90.55937058
12.48564145,5564.4631,720,45.1488024
15.8424103,5520.281755,1050,58.71947121
11.03570602,1654.763502,495,33.68585481
11.46453481,2140.342361,195,37.24055122
6.663357451,1166.932071,645,24.66118909
38.66519411,1536.778954,525,204.8513685
15.78822585,2294.172299,465,43.09460674
18.5751316,2046.226205,735,65.48299565
18.83604918,3834.105836,645,187.1935482
10.47930004,3098.83636,90,37.72494227
18.72836936,2630.86614,1290,53.97542458
30.89900685,1803.362119,810,202.0183755
15.98031934,2910.484609,240,51.36989356
28.51577345,4176.766112,510,95.74339809
21.66702383,2879.958896,405,178.3643244
14.8784857,3057.356551,870,45.08906929
16.80600247,3039.467454,105,56.68492391
23.1120183,525.8855259,720,40.06513482
20.58480381,7464.837466,405,59.43432152
12.64636977,2880.140534,225,46.25789591
22.36707931,1354.346135,270,79.00813166
15.08688534,2201.21213,780,39.59797488
15.98471614,1864.125515,480,40.07097469
22.04860868,5283.010936,1005,51.92196985
66.02454102,2204.042946,870,273.1321747
17.10579552,3396.762754,330,62.83090275
26.17446459,3056.626189,525,200.8610306
51.51144083,2317.34726,660,269.1226615
12.49019595,887.6246043,900,42.91689073
11.77770391,2598.248883,735,71.11547757
5.013654223,677.9558955,1230,18.73361751
10.97157225,3096.581776,330,43.63978088
15.62794441,3842.292305,1425,49.83374203
16.4055759,1517.175607,555,48.73763045
26.29772706,3880.51988,735,61.74357004
18.36328746,3436.657042,330,172.4195912
16.70647379,4056.44149,375,70.33020468
20.20316672,4203.635895,2430,52.9271405
13.98121524,4842.411244,1455,46.50556924
28.85841499,2749.86064,7065,155.9637386
18.59990461,7426.878598,315,50.11788882
17.37150683,2744.496524,765,193.5785551
14.48432432,2997.940742,1125,45.80606066
23.70117622,2262.130275,120,47.90931758
16.86504116,1828.971567,510,183.8207993
18.11120146,12281.93485,330,118.9232194
35.11930865,14227.96998,1335,117.4774344
8.471245433,16658.49215,2970,101.4194313
32.63245671,2966.561072,120,225.6727282
22.939163,4968.633104,405,206.9589108
30.95416878,9789.537268,1665,379.4261311
41.46769369,1514.466074,255,264.5611976
22.25808767,3247.174205,615,109.5929145
11.09969318,1008.663641,465,35.47917535
47.76130023,17828.36458,360,119.3320958
21.68637904,17981.00047,1260,108.8267386
618.2810206,11695.63935,1350,2755.661161
13.72601057,1589.549997,495,38.13381096
100.1913038,46729.75682,450,5026.618829
13.2125255,985.1087797,315,41.64722315
17.93397539,3138.654068,615,73.36890092
17.52688657,2301.753458,3420,179.1466857
18.847099,1929.212162,480,60.97879526
50.9063485,18027.03135,435,156.0214034
43.07265221,16325.85319,465,134.077825
9.734705993,1369.038272,330,40.04829548
20.82539523,2612.39493,945,95.80316999
12.69290771,1159.949247,675,58.47957856
10.34306051,1730.376129,585,33.22234036
11.38626908,10850.3512,570,222.4011455
17.79127024,2446.027955,525,59.20865998
35.50271905,4372.492313,30,130.3419151
17.20455286,2218.643328,645,42.75907271
47.35700398,3424.594565,330,268.880974
16.45333578,4391.395162,570,74.94981995
13.2689633,2532.792183,360,55.22152294
17.01044835,2801.711699,255,198.3905928
15.07249028,2437.927965,855,62.98879428
15.30152323,2486.57457,915,183.3552897
19.91960799,2979.223827,1155,225.7351477
126.6902886,1172.34342,795,181.7865667
12.62071936,2289.310573,165,153.9312401
17.7983407,1707.868788,705,156.6348508
9.344549037,1479.300165,930,41.35399971
16.75307589,1740.44314,1110,65.70665025
18.61933747,1297.531915,420,87.84090595
17.50887451,4221.066734,570,58.98350977
15.99847341,4096.451107,660,57.3041459
15.89225243,5174.368511,165,45.41186544
34.01994758,7486.895291,390,230.957484
60.39605226,2552.821741,480,166.7914094
33.3184759,6669.659461,600,203.4373446
24.62128952,6466.085233,615,124.8738776
10.78067623,3369.499472,225,52.09537113
51.12409026,6090.607112,480,213.4295767
14.35429989,2322.562038,1200,46.68934178
22.52429482,4130.071157,705,88.86908939
40.89415874,1987.415754,675,130.7675993
19.37289327,2171.672275,1020,87.35568805
19.64338879,2690.070554,1305,56.56002095
8.856572297,1502.483798,1185,29.78219703
17.82697374,3118.220544,885,201.6296774
22.97410802,1423.76761,1680,47.50486444
18.8350834,2480.77175,540,69.38604217
39.59977939,13383.79808,870,215.7375952
32.56284621,6517.332443,960,106.2330521
27.12654229,5129.540931,855,99.70978022
25.27547081,7231.909654,1170,66.60632372
30.7766442,11272.56066,765,104.8202173
36.74746942,12263.52627,1590,347.4404715
36.50971697,9125.168435,705,93.92904808
22.30440296,10512.75521,720,77.4735015
45.98973283,7085.505835,1230,82.76406432
42.56383341,10475.02285,1020,92.9644898
19.98103655,5349.030738,1320,52.65493307
14.27318753,3447.440155,870,48.09665553
19.53733033,6441.258367,525,62.90919597
23.15152466,5007.088635,285,102.4811943
25.97476758,11524.83537,450,82.05192572
29.07111975,5797.215321,585,201.1148038
27.41897455,5606.400244,675,192.0143599
17.50309883,6050.387222,915,57.94627967
23.22092326,6673.929715,120,186.4576032
20.1443975,7478.759182,480,61.92995213
17.06676306,4196.209006,270,45.12981827
18.48399445,2763.301629,900,130.8540129
36.14932367,3015.183679,420,197.5325611
23.90388498,2910.820162,225,98.75103212
23.21605126,3873.449373,600,237.2668949
20.8506284,3891.795511,330,183.7688457
12.84959962,3170.338809,10605,40.42154738
16.54463149,600.9960988,240,73.91440855
22.61268005,3108.848727,975,201.5167035
20.74304356,1640.735206,765,65.66488852
19.78563684,5020.65313,660,162.1597708
25.28951091,3051.978471,3000,116.2684801
31.72642454,2022.197054,735,72.10914313
19.59007544,3188.4675,465,88.23728819
14.8468322,1419.453197,495,45.60231383
21.08280462,62180.60243,600,131.347719
19.12683063,1342.768494,765,166.7343371
10.91833721,2926.942654,1890,44.40717815
18.52113836,4008.962362,855,59.3731297
18.5432918,3476.594773,1035,61.3476432
11.94548577,9686.825583,930,77.0099452
19.41244549,4037.041633,570,109.356852
22.6711298,2881.581964,690,59.37309356
17.372311,2461.80261,540,51.99241021
20.6502782,3516.81598,930,182.0216598
19.82128143,4300.772668,675,124.8693177
17.94522016,9509.093808,1545,204.1267806
17.44108314,4217.169038,600,56.10303755
23.83247207,6680.274632,615,192.719232
16.02376925,4207.734436,900,48.15456944
57.15783685,9285.619345,795,219.3875446
19.47853032,3637.310334,1230,104.9455454
58.79430913,8973.618167,945,133.0023952
45.00334453,11818.08646,1485,141.0996638
43.11902776,8207.440344,645,108.3489134
20.6908293,8909.054155,510,67.94551944
27.91825783,4764.393604,855,187.5724793
25.92229286,4540.827089,945,47.43970029
31.63124976,8038.452562,870,86.05900047
26.76414798,6027.803218,840,66.37490667
12.77391295,4362.356133,1110,73.57726741
21.73883032,5806.551787,690,180.2227096
21.49056021,8936.168247,1020,59.46810592
23.95013851,4396.537959,810,197.5002258
35.6907388,5209.929305,1335,71.7336254
23.91985934,5747.965772,960,62.89850876
34.25117606,9133.908002,840,81.6168704
21.72075046,5346.356126,2865,183.3555679
33.90033828,8052.221274,510,106.9624138
21.05443758,6435.73584,1245,151.3055944
31.81141153,6047.801535,1230,188.9989486
18.02938031,5191.528728,1125,56.51448752
33.76793866,7741.744533,2430,84.82101697
15.70567194,5862.002797,705,60.69527994
28.5656529,7714.613659,1470,148.8683191
38.33904742,9095.514896,930,98.98774535
10.32965686,8272.710766,915,49.33668949
29.14216709,4174.876055,615,55.51553445
31.20667678,10934.13862,870,96.26743216
30.67726647,10620.73158,555,104.7015539
35.4318962,11220.2457,1350,107.0341052
12.85461507,8730.038925,705,84.17754222
25.14678325,4885.563293,2145,62.55244792
24.99797695,10327.28146,1170,63.21120027
47.85473213,12573.33054,810,178.5721713
28.82076041,7451.224129,495,99.78911154
29.03329533,5083.510986,1260,219.1879689
17.57187672,4319.828165,840,52.54392571
34.62896277,5486.096453,1425,155.8213456
28.05293936,10645.7729,1560,98.07154603
27.80574009,5447.811291,930,216.6389852
30.3642055,6079.409282,2100,83.27900964
25.54879994,15331.79334,1035,446.3837379
12.93573878,4251.01545,1425,42.48877589
11.17932839,2560.374358,855,45.51202407
26.8225069,3732.290941,930,241.5835581
33.66743467,11875.47987,1485,97.53923434
41.33780972,9825.840638,1275,107.5438155
13.86595298,5556.176986,1200,190.9724336
35.34823655,15081.34368,585,112.7283759
26.17520398,6879.554254,660,90.74564151
36.04727376,21200.49886,690,90.29572643
28.66058037,8333.642371,540,97.81504969
26.16189061,10476.30562,645,110.676459
41.69741006,10059.90575,450,133.7266252
23.50975345,6165.616555,885,155.7628132
28.0267385,11688.04081,915,76.27992282
26.1163684,9364.620367,825,93.59922323
33.95299851,11468.14539,2085,85.79214629
23.75648688,3966.445514,1065,250.8199625
31.65359533,5829.857242,2445,376.138875
18.20301672,3533.800401,330,42.72197441
22.73533795,3492.870947,1110,58.68816006
22.92726763,4209.60748,990,190.6735702
42.46181627,5330.245667,945,211.6729519
20.66157062,5168.592842,2070,55.45974519
16.58100905,4279.953273,840,204.1267806
24.78042118,5789.113076,1185,179.0293957
13.1807141,7697.721563,735,189.7696667
19.48493067,5850.805368,630,195.5489957
11.74569454,8033.714755,345,86.98596994
62.98543256,5829.06159,420,249.6442247
23.57492109,7366.994867,345,174.9626821
23.11936108,6466.187705,645,152.3637133
24.26625699,6481.224518,210,189.8192289
20.50206536,11844.8857,1125,63.85671343
32.97226047,7771.397841,570,55.07385685
30.1277177,10025.84625,960,53.32728106
25.91882121,5407.056515,435,79.31015591
9.724604659,1636.597038,585,27.70307687
15.38553577,1481.329843,1065,40.03215868
13.93874975,1673.988197,555,89.89256128
12.25646725,1214.786347,405,42.70070889
12.62656654,2204.419619,390,37.06955473
12.69927159,699.8881472,375,22.47804522
10.51810648,3251.928258,315,68.43931594
7.906626171,1198.641936,795,28.59329252
11.41300021,3091.728781,735,75.28070526
20.28605618,2527.830442,660,52.16953816
16.21596969,2658.374973,630,43.0946416
13.88632958,4159.061939,255,52.15177208
18.80310545,2968.806532,720,197.5005266
14.482543,1677.719191,390,34.72129046
17.86663835,1932.716231,1350,49.28992582
17.4389449,1878.696008,990,51.6410054
22.12964536,2025.387837,240,51.19907945
14.58260135,3272.746117,390,53.71615606
8.459416985,1764.978986,1005,31.59877364
17.34570933,3249.537635,705,42.33126173
19.58678683,3507.825742,1065,109.1090566
27.64189427,2070.251822,1590,98.7540998
15.42834911,3109.913376,750,44.51797734
19.99423374,2003.254664,825,64.17416878
10.64580314,4037.783588,795,43.69228681
10.77325277,2991.894981,1440,42.9933316
28.83777881,2037.088863,750,63.93711276
84.48961701,9512.746655,180,298.2171209
35.95084487,10181.8112,840,84.86029529
34.18375728,6846.04614,405,79.70381035
21.23013429,6361.584246,390,90.74406903
17.01719042,7530.995765,495,54.38670353
20.74906134,4363.46625,720,45.72578735
23.85207127,5568.657563,645,57.24120806
34.95933928,7873.260216,675,106.3935788
30.24388448,12235.8688,660,110.2444172
18.92376274,3919.775354,750,184.3694252
26.16463543,1419.756979,795,181.1667843
8.186546933,1924.200484,495,28.67118837
11.88781522,1389.316238,1140,167.2156693
11.72617452,1263.274428,525,30.01792099
29.92288244,4243.797101,465,51.71679758
18.66314955,3802.645016,555,46.3687213
22.82492511,4033.827344,720,184.959266
23.31825007,4463.144802,630,183.9514874
35.3660545,6593.41405,900,84.11669104
30.02537447,6283.212148,1215,179.9485562
17.60948301,3969.35476,2115,193.978923
15.49186175,2194.273381,810,96.21922576
13.77845943,4413.152435,1530,189.3038375
27.88925439,3979.219399,750,180.0331731
21.26499056,2786.514192,900,58.66692407
11.51396519,1779.728271,750,40.29609656
19.31557967,3933.860293,720,56.52649933
20.72131072,3656.852832,1215,47.20582003
14.08243694,3576.998779,735,50.70732395
13.79725393,4711.772683,345,41.64976701
21.54590939,12715.0728,945,69.44256798
27.67837668,6352.169358,825,67.45390579
20.80758627,8933.105388,525,64.56108048
32.1658379,6759.093633,840,114.7462269
32.3412294,8224.155977,3435,88.32668885
25.97170426,5494.412811,1050,62.12673649
25.58357552,5219.551045,855,208.3436624
13.36589687,4553.418356,1080,44.42322108
14.40838468,2991.033573,1515,151.8958015
33.91318907,3300.217845,705,128.1041753
21.34934277,5686.199753,990,187.7651398
17.45987493,4080.783517,720,49.29106916
23.54252543,3475.695571,615,53.32244026
16.24257198,3861.741436,765,50.91760118
16.99797477,16260.72108,990,52.38398303
32.52656371,9610.848521,870,55.39241463
22.94306744,5474.000352,1110,65.46791639
17.51225461,5333.563812,885,75.09149876
30.22571288,12814.49994,780,99.83035304
15.43754148,3091.098596,765,46.014748
17.45363284,4857.501764,1200,307.098372
14.32199421,2910.526544,975,72.05677595
16.62055253,2879.73317,645,43.81877159
18.00168032,3743.139685,405,59.39961101
22.3633642,6203.629363,1050,90.32981971
19.17225802,4705.5403,165,206.0548482
23.31754303,7289.253978,495,67.82765236
19.53383367,4871.16976,225,143.346983
25.25433261,5542.753711,390,59.22625254
34.58099228,7411.36491,480,204.8302956
21.03598866,7109.59016,1050,186.1615963
58.59499273,16127.05611,1245,415.6539738
29.35146662,5363.707548,1095,199.821407
29.79436946,3447.716638,1485,153.6810559
11.99333799,3535.312492,1245,69.40914103
16.71470643,825.28168,1020,42.91660144
16.25674151,2295.830839,1560,48.09665166
29.20964993,1943.608288,1200,114.8306175
20.10976647,2258.584029,1290,123.1871327
20.70063909,2810.340129,1035,114.2113978
24.78713333,7324.512993,945,72.14490985
18.64586987,6522.867861,675,106.5356056
18.73689176,5776.211344,855,56.05120248
12.91091563,5333.569211,1050,56.41725671
22.37402324,7829.25067,855,85.4727661
24.42071389,7026.247093,780,62.14524853
23.63547818,10343.88618,870,93.08000223
37.45137263,12608.68703,240,92.32104737
23.33853308,8459.146643,1515,101.180847
22.11863361,6456.287395,735,70.18284739
15.41839841,4117.577441,285,49.26321551
23.38576655,4467.384024,930,209.6199957
18.8610661,4551.902798,750,67.5652123
16.86460545,4981.941945,1020,62.37282296
17.51348686,4177.742034,795,54.30356425
13.73801309,3030.182944,1320,51.57730061
15.41115738,3699.231835,1170,43.13184082
38.24255402,2672.536551,660,155.6153746
18.4677246,7849.259044,555,185.3089338
20.38361415,4182.691397,615,93.60157065
27.77353547,2097.429477,840,76.71118166
43.90553984,11514.19979,1095,94.55430293
52.50941075,11169.18757,600,116.0667046
13.69030613,3933.404853,900,53.78370086
49.94105623,11246.78849,855,94.37813125
28.48771093,10567.53286,630,109.7293941
22.1604692,7225.459087,300,53.13525567
14.34309952,2690.78234,1215,160.7857231
28.936777,4441.707321,390,96.88014845
40.99156072,7182.292481,1320,92.95019386
20.36170427,4774.008861,885,51.98166544
18.86754572,5825.391702,1035,61.1076571
37.23441392,5424.369676,660,227.3516946
22.8654469,5732.834952,510,68.33017283
34.82239503,8423.638544,930,80.18214455
11.94696986,2141.492984,645,46.06160995
28.05414835,2455.197825,2235,97.47510371
20.25252696,6928.228972,885,185.7708348
25.06352278,2787.504927,1155,98.23347182
8.207035969,2916.757749,870,48.03616988
16.29400715,4076.086568,1005,45.51145929
12.46515667,3623.264277,690,171.1434994
14.02587827,2629.332551,915,45.45462524
27.111126,3318.848618,390,152.2042034
22.58576778,5927.605373,975,102.5597886
23.24037838,4251.051965,1560,71.42809654
13.79186898,8626.531253,945,68.38530678
27.8760936,6942.588347,1545,82.73774149
16.0172608,5212.603077,1365,51.71943231
18.5805386,4554.137862,975,176.7613156
17.35996725,4921.114967,570,52.92586054
13.59971961,2634.689001,1050,48.10253591
21.88024359,5652.919032,540,188.1967011
22.61994303,2447.846265,840,44.26303347
41.13344241,11221.52771,990,107.3537094
32.81060494,14262.84452,630,75.66155185
29.53863322,7884.842382,420,55.15253949
26.18922536,11351.20464,405,110.0240508
31.86255945,12232.36004,420,69.67414045
9.97508974,2739.915343,1035,43.9113973
23.03519355,3705.009557,1170,56.44005945
16.84318876,4968.570565,1095,45.38928867
11.48641301,1748.870684,660,34.69337134
10.9043426,2592.111184,420,49.48318077
13.47368127,3678.321931,450,54.11797408
19.56318625,3446.295124,570,83.10829925
16.98888197,2042.550202,510,183.3555679
20.25355867,2363.353326,885,151.3055944
16.98110291,1995.181803,1110,35.21267384
14.91645516,4329.476253,735,141.0726822
20.21055454,5889.731495,795,182.5680083
18.47655588,5666.709311,870,48.27494433
19.11194133,3512.898661,660,52.36358913
19.81015986,2357.609543,795,39.32037659
24.77877543,3198.943072,1335,57.25077875
24.55976806,3979.711489,2730,85.27796231
19.84788911,2886.001685,1635,61.82062263
47.31942131,11837.38676,1200,106.3045591
13.16332996,4116.928155,945,51.5428592
41.5487109,8665.332632,1050,98.13550173
46.21050117,10383.72318,1005,86.36427247
24.67258405,4844.869096,615,294.7238234
49.48628742,9278.767364,690,89.07571144
38.27108963,8536.747105,1125,86.75696966
33.61480174,12585.93248,330,114.8234947
12.12017783,9250.39631,390,190.1705848
30.83548285,14143.23137,495,104.5355154
25.22064304,8519.179858,660,102.9491063
33.04580289,8817.977198,1335,94.81806391
24.59608632,7279.182562,765,89.06521452
19.5528857,5521.411518,270,55.10574325
26.28938307,4597.816251,750,64.55018579
26.10189057,5113.307835,390,73.5878875
13.15033125,4159.272382,330,50.71479852
13.04486442,1245.806883,600,34.32210639
12.22513888,1366.674577,510,154.9025869
14.76175018,2071.420509,435,180.7501746
15.01646619,2804.053812,1320,56.04544011
13.44948633,5044.591745,645,54.90533033
15.4238278,3341.589027,795,51.93828296
18.54172405,1466.661405,840,140.6723551
14.79342328,3143.036612,645,37.98103486
26.04663409,2932.642711,570,179.9485562
17.4235747,1670.078548,1020,41.74876176
15.85523628,2709.261659,600,51.58723936
19.76452167,2885.865909,840,183.5820659
17.67727746,2118.609529,810,43.5641233
30.19698918,11176.8865,720,108.1891923
42.73760729,7832.261463,900,100.0780242
20.49801259,4594.509716,660,61.8711557
40.03349763,9506.169559,960,88.39384203
23.96270915,4399.348079,945,50.30608051
58.26496819,9431.530188,390,96.05704908
22.70582278,6482.737504,450,54.63465359
29.60295672,5050.703833,510,82.73688352
22.96826804,5353.242005,1020,50.21414816
22.65163959,5195.838059,675,173.628797
24.1801593,4675.307333,1170,64.08080414
23.62489655,5968.43159,1065,193.0114838
19.49960406,3650.784957,420,52.04280154
18.81965906,5096.608705,375,45.62226582
12.36866556,3290.147968,705,44.64637955
12.66093587,1415.039433,2370,33.91478997
10.63026925,1351.367513,705,31.78811465
14.31721823,2043.000082,900,40.45210167
14.69981796,4216.575084,375,43.22228559
33.7144862,6400.61412,555,64.27879974
22.2991412,7247.028742,345,75.86885663
15.81643751,4740.389869,450,59.42273998
13.61373612,1636.338949,855,171.7331543
21.79510569,2363.706544,1170,48.29880977
21.02000295,4205.97392,795,48.03659013
9.841991719,6385.76103,540,50.7446426
34.73878685,6940.057742,795,92.2782419
18.42267779,4661.209299,855,61.64399749
15.41953172,1669.035174,435,50.70484599
16.97272233,2612.687282,450,41.77945511
9.667546782,965.5070134,750,33.74861431
11.54876988,1492.860911,765,28.59333005
13.96865255,3373.590235,810,51.33788993
13.40446032,4293.808483,7380,47.25860008
19.91605964,4488.791434,975,58.14988406
18.13198134,2796.715713,780,64.89490901
21.79041208,4894.49871,1140,72.00080539
19.69236381,4765.302859,1200,62.41593098
22.03640894,2708.349691,1650,51.8951721
18.74787709,2418.57774,690,53.43741009
12.06696789,2557.099625,585,38.9615107
18.60503054,4023.44337,945,180.772973
28.3712052,6459.861879,690,91.45304631
5.37471749,11053.46138,1260,66.29792979
23.13428657,6329.591781,1050,101.6530664
20.41073902,4505.581444,1440,88.31249346
16.75420547,5374.542754,705,75.02092862
26.42811988,8907.092475,885,92.03122007
18.09529799,8311.38466,630,67.91675709
22.99275763,4509.749133,675,75.51838962
32.0826789,5342.930304,570,72.1735632
14.35111557,3830.924257,735,44.20107966
28.79795608,5603.605498,1005,76.6248221
15.2764907,5368.970102,375,75.6282125
25.20356742,7262.942343,480,71.79402221
20.57844651,6090.902233,180,82.79139949
13.25834434,5360.019461,675,58.90322566
31.97453922,6398.538382,540,85.61011016
25.23697415,6238.445528,1410,69.98666456
27.31514318,4842.459689,825,104.5816825
24.40646119,4600.661051,1275,95.99567766
14.31835507,2314.850559,1260,40.29597932
17.83818112,3718.164443,975,50.66962651
15.0360626,4250.652072,915,154.4254134
19.62674797,2125.988415,1320,166.0098422
10.41606354,1430.385735,960,64.10194374
26.47096264,1431.304655,1020,199.9542169
25.66231927,4898.825388,735,190.9724336
23.67080213,3587.659487,1470,94.87649572
18.1018265,6988.594245,1650,93.08013623
23.31489931,5428.080039,1290,147.1157216
15.47001595,5474.452702,1305,110.7890926
52.14973362,18376.67817,4545,125.0569975
61.69629529,16832.02745,1095,94.7195071
36.85031625,9515.64467,1485,89.01067036
48.74291102,18049.64415,255,118.5886837
86.3478056,17829.27893,780,1334.254183
41.38836929,11912.8025,360,241.0312072
25.6104884,5213.945933,780,179.3650649
22.07102604,9112.042784,285,109.0108531
96.06669328,36970.63666,3300,1791.853727
45.84151559,16565.39543,1155,189.0676472
49.81183593,18267.48704,1140,154.3358848
21.57909027,27319.55015,825,103.1862146
48.10086492,14792.98355,765,157.4385658
44.98278404,18750.33441,1275,114.5088377
21.91301623,1643.10653,465,177.7439384
9.945266886,2195.353297,705,30.83738559
19.14268807,1957.384627,840,63.39925943
7.026032138,1548.935247,540,30.94946589
17.26698814,1412.454296,765,61.77237525
15.17766802,13991.12756,810,185.9892224
20.64658477,6696.407901,870,50.56530856
16.75038371,5371.684896,765,39.47582221
21.58514996,5042.077457,855,55.48428102
21.75848581,4640.902677,600,54.3942463
24.20933649,8579.519829,840,186.791724
28.53970162,3809.098898,270,65.79898168
28.89339127,5714.421406,495,90.30774243
31.16947118,7397.08618,405,75.89088124
30.57125881,4665.232682,45,195.5831192
23.148504,4928.884806,1005,46.44846308
23.20651119,5325.90145,675,175.5400147
19.53344193,4809.351077,780,49.51345893
27.0221085,5794.750424,750,182.6430457
24.11744351,5834.310193,570,53.69980237
17.29445757,2918.842328,1575,47.30345521
12.6774725,2961.775625,495,160.049143
15.5331556,1232.27759,480,182.4673529
15.20987403,2155.802792,840,35.14617104
11.19245852,1296.258004,765,163.3980262
21.49615562,257.1670715,795,24.31968528
15.47731214,4384.112268,825,46.41655272
17.62150273,3369.621855,285,49.10612765
20.6903881,4573.346428,465,55.25788515
19.21790163,4085.389895,270,58.16032848
23.22266594,3618.600248,540,56.0425584
39.97372919,17659.02009,645,149.6036067
14.95374531,2107.398538,315,37.38793005
19.20822734,2629.176523,390,42.77864354
16.19052597,3744.015953,495,56.42302144
10.63671449,2292.753993,285,45.36793873
13.74469523,3094.197535,900,51.23912987
17.57507716,4100.982306,525,78.28379328
17.81732766,1483.989852,990,32.07513374
10.01163954,1333.962437,720,32.62431034
16.54750813,1289.175102,360,173.8280635
14.10371923,2174.505909,315,158.955348
12.3916067,2213.992279,720,28.86101189
6.980408489,604.8217342,465,18.69045828
17.64011643,1978.639121,360,153.5373677
14.33720692,2031.516424,705,55.67380109
13.64939164,1138.385319,360,42.7556122
8.645445531,2198.980963,1020,29.87694449
18.56136753,2785.547937,570,40.19363303
15.09821737,4216.223897,300,49.2024221
18.98250934,3867.999648,1680,186.1615963
14.82089547,1527.18021,675,41.37142001
16.16665173,1478.533454,795,42.94818989
14.27248719,2905.09956,495,40.11528691
20.12044894,2595.186748,720,44.91975524
13.25871883,1378.807944,525,34.64179858
17.26079877,3454.066814,480,67.78113128
12.54251197,1304.634303,435,38.59642736
14.57631411,4163.15043,690,45.71507285
10.79903704,1725.563352,,31.09302378
0.820591132,60.58701485,,2.735918057
6.565918058,3090.010014,,42.6823485
18.04162451,3446.131174,,45.29055119
16.87475129,3778.896333,,52.02144431
17.2564227,2431.480823,,42.69929048
35.89019334,7172.342089,,142.570452
16.0667555,2409.925059,,37.63243832
19.97122557,2709.145093,,180.349363
32.45795337,3958.097842,,178.5666451
17.80902922,3487.14454,,51.45748167
